lookback_days,target_vol_ann,net_cagr_pct,net_sharpe,vol_pct,max_dd_pct,turnover_two_way_pa
63,0.05,2.83,0.483,5.86,-11.09,4.57
63,0.075,3.66,0.443,8.28,-14.6,5.8
63,0.1,4.06,0.404,10.06,-17.69,6.3
63,0.15,4.24,0.348,12.17,-23.21,6.66
63,0.2,4.27,0.318,13.43,-26.84,6.63
126,0.05,3.55,0.618,5.74,-12.05,3.5
126,0.075,4.57,0.576,7.95,-18.58,4.36
126,0.1,5.03,0.528,9.54,-24.02,4.68
126,0.15,5.29,0.462,11.46,-28.25,4.81
126,0.2,5.31,0.418,12.7,-31.08,4.72
189,0.05,3.17,0.557,5.68,-11.32,3.08
189,0.075,3.95,0.494,7.99,-17.06,3.8
189,0.1,3.95,0.413,9.56,-20.7,4.09
189,0.15,3.61,0.311,11.6,-23.42,4.22
189,0.2,3.24,0.251,12.89,-28.84,4.12
252,0.05,2.67,0.473,5.65,-13.56,2.89
252,0.075,3.35,0.427,7.86,-20.01,3.49
252,0.1,3.49,0.378,9.24,-24.52,3.65
252,0.15,3.14,0.285,11.04,-29.09,3.72
252,0.2,2.71,0.219,12.35,-31.53,3.62
378,0.05,2.81,0.518,5.43,-17.07,2.79
378,0.075,3.46,0.452,7.64,-22.15,3.32
378,0.1,3.61,0.399,9.06,-23.49,3.47
378,0.15,3.5,0.326,10.71,-26.52,3.47
378,0.2,3.41,0.287,11.87,-31.11,3.36
504,0.05,3.06,0.554,5.53,-9.38,2.31
504,0.075,4.07,0.524,7.76,-13.12,2.8
504,0.1,4.16,0.457,9.09,-15.56,2.88
504,0.15,4.52,0.43,10.5,-18.5,2.77
504,0.2,4.48,0.399,11.24,-18.14,2.61
